1	седемнайстите
1	тринадесетима
1	деветимата
0	четиридестеия
1	деветнадесетото
0	триесета
1	десет
1	тринайстите
0	седемнадесетоо
1	тридесетината
0	оседесетия
1	седемнайсеината
1	четиридесетима
0	четирисоттинте
1	деветдесетина
0	соемнадесетите
0	птео
1	осемдесетата
1	единайсете
1	петдесетимата
0	трийсениа
1	петдесети
1	шестнайсеимата
1	четиринайста
1	седмина
1	петдесето
0	ечтиринадесети
1	деветстотината
1	шестдесетите
0	седемнадесцетината
1	шестнадесетината
0	осемтайстият
1	четвъртата
0	пъврото
0	даветнадесети
0	стотинт
0	четиринайсута
1	петнадесети
1	милиардите
0	шестнадесчто
0	диеветнайстото
0	шестнйасеима
1	шест
0	осмитх
1	пето
1	деветнайсете
1	петнайстия
0	деветнадлсета
1	седемнадесетият
1	хилядата
1	дванадесетимата
1	седемстотина
1	петнадесетима
0	осемнадеуета
1	седемнайсеимата
1	деветата
0	трийс
0	тридесечтината
0	седемдесетиъата
0	шеслнайсто
0	осемнадесетаа
1	единайсеима
1	шестнадесетина
1	тринадесетата
1	седемдесетима
1	осемстотин
1	едни
1	четирийстата
0	четирйистите
0	деветнадесйетина
0	пеитя
1	дванайсеимата
0	осемдесетимоата
1	петимата
0	шестнайсеиан
0	четириандесетия
1	единадесетия
0	етдесето
0	давйсеината
0	едсето
1	деветнайстото
0	сдемнайсе
0	петнвдесетимата
0	едизнадесета
1	шестимата
1	второ
0	петс
0	петнайесината
0	етното
0	осенайсете
1	трето
0	еин
0	шеса
0	петстотинйе
0	тинайсе
1	деветнадесетият
0	деведтесети
0	двнаайсти
1	деветнайстата
0	минозина
0	тридсеетия
0	четиринадесетиматна
1	деветнадесетината
0	дваудесетите
0	елинайстия
0	миилонът
0	шестстотинт
0	осемсттоинте
1	дванадесетата
1	седемнадесетата
1	единайстите
0	втоото
0	трийстиоте
0	деинайсто
0	ри
1	единайстия
0	шекстдесетимата
1	трийсеимата
1	деветдесето
0	единадеесто
0	мнозитата
0	деветнайхе
1	четиринадесети
1	осма
1	милиард
1	трийсете
0	милиарду
0	седемесетина
0	весети
0	швстнайста
0	петдесдти
0	естнадесета
0	ве
1	деветдесетата
1	четиринадесетте
1	четиринадесетият
1	шестото
1	второто
1	нула
1	единайстият
0	оседмстотината
1	петнайстият
1	третия
1	деветнадесетата
1	дванайстия
1	осемстотина
1	шестнайстата
0	оесмте
1	дванайсеина
1	седемдесетина
1	тринадесетината
1	шестия
0	трийстяя
1	петнайсеината
0	петнаедсета
1	тридесетимата
1	петнадесетия
0	смата
0	неколцната
0	омсия
0	двеетнайсе
0	четтрите
1	седма
1	двестате
0	четирйсти
1	тридесето
1	седемнайсеина
0	петпайсеима
0	тоинадесетите
1	тринайсеима
1	девети
0	пъров
1	четиринадесето
1	осемдесето
1	седемнадесетина
0	деветнайесина
0	петнадеетината
1	петнайста
0	шетнадесети
1	деветнайсеимата
1	седемдесетите
0	двадйстите
1	петнадесетимата
1	тристатина
1	тринайсти
0	четиринайстяи
0	сшдемстотин
0	трдесетимата
1	деветнайсеината
1	единадесетимата
0	петстостин
0	седемнадесетла
0	шсетдесета
1	осемдесетима
0	шуст
0	пръвият
0	седемнадеаетимата
0	деветдеета
1	шестнадесетимата
0	дванадесетиндата
1	седмият
1	седемдесетината
1	осемнадесети
1	деветите
0	одеветдесетима
0	хлядите
1	пръв
0	декветдесет
0	петдсесетте
1	тринадесетия
1	осемнайстите
0	чеъиридесетите
1	чериринайсеимата
1	осемдесет
0	хисляди
1	четиридесетия
1	шестнайстото
1	неколцината
1	седмата
0	третиут
1	осемнайсти
1	осемте
0	трет
1	петдесетима
1	шестстотината
0	деветнайтса
1	деветнадесета
1	четиринайсти
1	деветнадесетия
0	естдесетия
1	трета
0	трийсши
0	двадесто
0	еосемнайсе
0	четирийсемата
1	четиринадесетите
0	първйите
1	шестдесетина
1	седемдесета
0	петндесетима
1	тринайсеината
0	двасйтото
1	четирима
0	рпъв
1	двата
1	четирийсеина
1	четиридесетината
1	седемнадесети
1	единадесето
0	дванайхстия
0	пептнайстите
0	единайтите
0	триайстото
1	петдесетите
0	единадестете
1	шестата
0	отридесетият
0	седемдецетият
0	нулит
0	трнадесета
0	деветнасеима
0	етвърта
1	чериринайсете
1	единадесети
0	петнадеестото
0	седемуесетото
0	дваматаз
0	восмото
1	малцина
1	хилядите
0	девтеи
1	двете
1	четирийстия
0	дванадосети
1	двадесетите
0	седемдесетаута
0	шестдесетинатя
0	стте
1	двадесетимата
1	тристате
1	единадесет
1	седемнадесетимата
0	девтенадесетте
0	хилдяа
1	вторите
1	шестнайстият
1	осемнадесетината
1	четиридесетимата
1	тридесети
1	четиристотин
0	дв
0	оцемнайстите
1	четиринайстия
0	четиринадесетчият
1	осмата
0	сдеемнайстият
1	дванайстият
1	петнайсто
1	милион
1	седемнадесетите
1	единадесетина
0	трисетатина
1	седем
1	осемстотината
1	трийсеима
0	деветиата
0	деветдесхтината
1	единадесетото
0	воро
1	шестнайсе
1	деветнадесет
0	дваиайстият
1	тридесетият
1	десетимата
1	десетите
0	шестир
0	седеманйсе
1	осемдесетимата
0	осемнасеима
0	трим
0	тричесетата
0	първни
1	единайстата
1	четири
0	чтеирима
0	единайсцете
1	трети
0	дтеветнайстия
1	шестдесетте
1	четирийстият
0	петдесетинатпа
0	седемесетия
0	шесдтимата
0	петнайта
0	триион
1	двайстото
1	петнадесетината
0	шестнадесеттоо
0	пеитма
1	тридесет
0	деветнадесетиммта
1	четиринадесета
0	еднадесетината
0	деветнайдсто
1	тридесетина
0	дванадесеткима
0	ъединайстият
1	трийсеината
0	шестнайситя
1	четирийсто
0	четвътрия
1	дванадесета
0	милина
1	петте
1	двайстият
1	милиарда
1	петнайстото
1	седемнадесетия
1	осемстотинте
1	двеста
0	осемнайсеинтаа
1	четвърта
1	нулата
1	девето
1	четиринайсто
1	двестатината
1	шестнадесетима
1	осемнадесетте
0	тридесетиет
1	шестстотинте
1	осемнадесето
1	третите
1	осемнайсеината
1	осемдесетте
0	единадесетоия
0	шестдсеети
1	дванадесет
0	четиринадесштото
1	четиринадесетима
0	шестйто
0	осемнадести
1	деветдесети
0	осемнайстяи
1	седемнадесетима
1	четиринадесетия
0	двадесейата
1	стотина
1	трийстото
0	шстнайсе
0	деветнайстнят
0	петнадсеетите
1	двайста
0	седенайсто
0	оемдесетият
0	двханайста
0	ринадесет
1	четвъртият
1	тринадесети
1	осемдесета
0	деветдесетт
1	четвъртото
1	двестатина
1	деветте
0	шестнйасеимата
0	шетнайстите
0	потимата
1	единайста
1	първа
1	осемдесетото
0	седемнадсеети
1	четиринадесет
0	осминаат
0	пеит
0	четирпнадесетина
0	дветнадесетите
1	седми
1	деветдесетият
1	двайстите
0	шестаа
0	четириншдесетима
1	петият
1	милионите
0	деветнадеисетата
1	седемдесети
0	шестсттина
0	тосемдесетима
0	тридсетото
0	шзестнадесетте
0	триандесетото
0	петдлсетина
0	триайстите
1	седемдесетото
0	осимят
0	сдеемте
0	седмтаа
1	осемнайсеимата
1	четиристотина
1	двайсти
0	седемнайесината
1	четиридесетият
0	тринасйта
0	декетината
0	четиирйсеината
1	деветия
0	деветсдесетият
1	двайсеимата
1	вторият
0	давдесет
1	тринайсеина
0	четиридеестте
1	осемнайстият
0	шестнадесеина
0	шесцтнадесетата
0	двайсена
0	пдвеста
0	елдни
1	осмото
0	петнадесмтият
0	дените
1	осемдесетина
1	двадесетината
1	дванайстото
1	шестстотин
0	шестнайчсеината
1	шестдесета
0	дванасйете
1	дванадесетима
0	тринайсеин
1	тринайсеимата
0	единят
1	тримата
0	естдесет
1	единайсти
1	хиляди
1	петнайстата
1	осем
0	четишийсе
0	четирйстото
0	деветнайсевте
1	шестнайсеината
0	седимят
0	ъетте
0	ттрийсеимата
1	седемнайстата
0	птедесетите
1	десетте
0	шестхесетата
1	четиринайстият
1	тридесетите
1	първите
0	малцшна
1	милиардът
0	пепнадесетима
0	тридеест
1	мнозината
1	седемдесетият
1	три
0	единатдесетият
1	осемнадесетина
1	осемнадесетима
1	стотината
0	дзвайсеимата
1	седемнадесетото
1	втори
0	шестдечсетото
0	остмина
0	шесдтесетте
1	петдесета
0	четирмийсеина
1	шестдесети
1	деветдесетите
1	седемстотинте
0	чериринайсеинта
0	четриидесетината
0	осемнайесина
1	шестдесетимата
0	пешнайсеина
1	седемстотината
0	петнасе
1	деветима
0	четирнадесетата
0	хилсдата
1	двама
1	дванадесетото
0	дваа
1	петнадесетата
0	осенадесетото
0	чериринайсетет
0	чреиринайсеина
1	тринадесетото
1	четиринайстата
1	петнайсете
1	седемнадесетината
1	шестнадесето
1	шестнадесетте
0	черсринайсе
0	милионъите
1	двадесетата
0	двадесетдмата
0	петайстата
0	двайстта
1	тринайсе
0	деветта
0	четиристотинтаа
0	седемдесетхмата
1	седемнайсе
0	шеститя
0	девемдесето
0	тора
1	две
1	тринадесетте
1	четиристотината
1	девета
1	деветдесетимата
1	седемдесетия
0	шседмия
0	деветнайститх
1	петдесетия
1	четвъртите
0	дестеа
0	оесмдесетата
0	алцината
1	седемнайста
1	шестнадесетият
0	девстима
0	сехемдесето
1	осемнайста
1	чериринайсеина
1	деветдесета
1	едното
1	деветнайста
0	чтиридесетия
1	деветнайсто
0	тринйастата
0	седенмайстото
0	четвърият
0	тринадесто
1	триста
0	ъретата
0	тридесетмиа
0	ввадесетото
1	четиридесетина
0	шестнадеосетия
0	дваддсети
1	двайсто
1	първи
0	четириделета
0	евдната
1	дванадесетия
0	четириандесета
1	десетима
1	първата
0	деест
1	единадесетима
0	дванаесетото
0	унли
0	четвъртчи
1	третият
0	деветнайта
1	деветнайстият
0	единадест
1	шестнадесет
1	осмината
0	тристо
0	трийтсата
1	четиридесети
0	иеветнадесетото
1	шестдесет
0	шестнайстот
1	дванайсто
1	шестдесетината
1	шестнайсеима
1	петнадесетина
1	осемнадесетите
1	единадесетата
0	тридсето
0	цседемнайсеимата
1	чериринайсеината
0	шесзтдесетина
1	двадесетима
0	седемдесеттуе
0	седемдести
1	петия
0	шестдеетият
1	един
1	двамата
1	единадесетината
1	седемнадесетте
1	дванайстата
0	седемнадсеетият
1	единият
1	дванайсеината
0	деветдестеата
0	четиринаедсетте
1	деветото
0	деветнойсти
0	шхсто
1	шесто
1	шестдесетия
0	четирдиесетата
0	двнайстата
1	десетия
1	седмото
0	третоот
1	шестдесетима
0	пръва
0	давйсе
0	трийсеинарта
1	четирийста
1	шестнайстите
0	тртие
1	седемнайсти
1	трийстият
0	дванайсеимаа
1	осмина
0	осемнайсда
0	двестатз
0	дваадесетимата
0	двакнадесетият
0	тринадеетима
1	двадесето
0	тринадеетте
1	двайсете
0	тртите
1	петнадесетите
0	девеятдесетите
0	петнадсетата
0	тринайсеимаа
0	дяеветият
0	седемнастата
1	дванайстите
1	единайстото
0	седемнадесетнте
0	четириуайстата
1	двадесетте
0	осимнадесетият
0	чтеирийста
0	седемтсотинте
0	атрета
0	четвъряо
0	шесттей
0	деветнйастата
0	трилнайсеината
1	деветстотина
1	двайстата
1	милионът
1	шестдесето
1	деветнадесетима
0	осе
1	третата
1	шестнайстия
0	деветяи
0	четриидесетата
1	седемнайстото
0	триндаесетина
0	нуша
0	освмнайсто
1	деветдесетима
0	деветнаедсет
0	осестотина
1	трите
1	деветнайстите
1	деветнадесети
1	трийсто
1	шестдесетото
0	олсми
0	двеетдесетия
0	дтеветстотинте
0	седенмадесетина
0	дванахсеина
1	осмият
1	четвърто
0	тринадесетимапа
1	деветият
0	впетите
0	единадесеттоо
0	ямилиардът
1	тринайста
0	шестнадеетината
0	шестстотианта
1	тридесетия
0	оесмдесето
0	седам
1	осемнайсеима
1	шестнадесети
0	едиайсеина
0	тирста
0	едианйсеината
1	петдесетият
0	дванайстоо
0	втйрия
0	четеирийсто
1	единадесетите
0	петнйастото
0	петдесяетима
0	тирнайсто
0	дванпйсеината
0	четврътите
1	осемдесетината
0	осемдесетотов
0	девезто
1	седемнайстия
0	петнадесетмте
0	деватстотината
0	седемнадесетимша
0	семнадесетината
0	дванадееста
1	дванадесети
1	шестият
0	оемдесетината
1	тринайстия
1	седмината
1	осемдесети
1	петнайсеима
1	два
0	тринйадесетия
1	единайсеина
0	тринаесети
1	петстотина
1	седмия
1	трийстите
0	аринайстият
1	дванадесето
0	нмулата
1	дванадесетият
0	петтадесетия
0	четиирдесето
0	дванасто
0	дна
1	петима
0	дадесетина
0	давйста
0	единайтстата
1	тридесета
0	вторияпт
0	двесатина
0	аединайстото
1	десета
1	нули
0	единайсеицмата
1	деветдесетината
1	осми
1	тринайсто
0	четри
0	четиринадест
0	шестнандесет
1	петнадесетте
1	първият
0	двайсетче
0	дадесетте
1	тринадесето
1	мнозина
1	деветнайстия
0	стотната
1	милиона
1	петнадесета
0	единадесетихе
1	седемстотин
0	сдмо
1	деветнадесетте
1	двадесети
1	десето
1	тринадесетина
0	черриинайсеима
0	петнадесетниа
1	двадесетия
0	етиринайстото
0	двадесетимна
1	осемнадесетата
1	първото
0	деветнайсиената
0	шестдесетимар
1	четирийсеима
0	петтоо
1	петата
1	петдесетте
1	двадесета
0	десмтия
0	трдиесети
1	пети
0	седмотй
1	десетото
1	шестнайсеина
0	седеснайсеима
1	петнайсти
1	четиринадесетимата
0	четиритсотин
1	трийсе
1	една
0	деветстотимн
1	петдесетината
0	седемнайстяи
1	тридесетте
1	петдесетата
1	осемнайсеина
0	седемдестетима
0	осемнадеасетина
1	трийста
1	трилион
1	двайсеина
0	триесетия
1	седемнайсеима
1	седемнайсто
0	сдеем
0	вториу
0	осменайстия
0	шетнайсти
1	тристатината
1	деветдесетте
1	тринайстото
0	деветсттина
0	шястнадесетият
1	тринадесетият
1	дванадесетина
1	десети
1	шестдесетата
0	осймнадесетте
1	тринайсете
1	деветнадесетите
1	десетината
1	петдесет
1	единадесетият
0	деветнадесетсината
1	дванайсете
0	дейветнадесето
1	десетина
1	четиридесетите
1	четирийсеината
0	четиридсеети
0	есдмината
1	четиридесета
0	четириамта
0	четиристтина
1	петдесетото
0	девеуте
0	кединадесетимата
1	петдесетина
0	автората
1	петстотинте
1	единайсто
1	четиринадесетата
0	петоайсти
0	дванайсеим
0	деветдесетиата
0	седемедсета
0	осеомнадесето
1	единайсе
0	четириайсти
0	четирийстатам
1	петнайсе
1	седемдесетимата
0	дванадеетите
1	седемте
1	петстотината
0	дваандесетия
1	двайсе
0	седиемнадесетте
0	осемдеетите
0	четиридесетиа
1	трийстия
1	четирите
0	четирийситят
0	асма
1	седемнадесето
0	осемдесеттпе
0	еидния
1	двайсеима
0	дванасйе
1	четирийсти
0	осемнайстатар
1	двадесетина
1	деветнадесетимата
0	шестнадесетиата
1	четиринадесетината
1	шестнадесетата
0	осемонайстото
1	дванайста
0	дваналдесетата
1	деветдесет
0	петстотианта
1	дванадесетината
1	петстотин
1	двадесетото
1	шестнайсто
1	тридесетима
0	петдесетитмата
0	шестналйстият
0	триййста
0	двеетдесетото
0	дванаесето
0	петнасйеимата
0	дтесетина
1	трийстата
0	тристте
0	пйтнайсто
1	единадесетте
1	едно
0	пртдесет
1	осемнайстата
1	петите
0	дванадесетие
0	петнасйтият
0	осемнайдеимата
1	петнайсеина
1	чериринайсеима
1	деветстотинте
1	единадесета
1	тринадесета
0	осемстоиин
1	първия
